File,Status,Points1,Points2,Points3
BraTS2021_00639,unspecified,314:183;278:219;270:174,302:190;284:243;288:140,306:195;260:207;296:241
BraTS2021_01149,unspecified,302:215;284:186;330:207,299:226;328:190;260:236,299:214;282:178;310:252
BraTS2021_00606,unspecified,328:221;354:311;320:138,305:250;184:373;276:130,284:244;194:140;300:347
BraTS2021_01182,unspecified
BraTS2021_00262,unspecified
BraTS2021_01176,unspecified
BraTS2021_01344,unspecified
BraTS2021_00296,unspecified
BraTS2021_01512,unspecified
BraTS2021_00068,unspecified
BraTS2021_01388,unspecified
BraTS2021_01515,unspecified
BraTS2021_01343,unspecified
BraTS2021_00291,unspecified
BraTS2021_01171,unspecified
BraTS2021_01185,unspecified
BraTS2021_00433,unspecified
BraTS2021_00601,unspecified
BraTS2021_01178,unspecified
BraTS2021_00298,unspecified
BraTS2021_00608,unspecified
BraTS2021_01375,unspecified
BraTS2021_00095,unspecified
BraTS2021_01147,unspecified
BraTS2021_01523,unspecified
BraTS2021_00405,unspecified
BraTS2021_00253,unspecified
BraTS2021_01381,unspecified
BraTS2021_00061,unspecified
BraTS2021_00059,unspecified
BraTS2021_00066,unspecified
BraTS2021_00254,unspecified
BraTS2021_01386,unspecified
BraTS2021_00630,unspecified
BraTS2021_00402,unspecified
BraTS2021_01524,unspecified
BraTS2021_01140,unspecified
BraTS2021_01372,unspecified
BraTS2021_00032,unspecified
BraTS2021_01584,unspecified
BraTS2021_00456,unspecified
BraTS2021_01570,unspecified
BraTS2021_00690,unspecified
BraTS2021_01326,unspecified
BraTS2021_01114,unspecified
BraTS2021_00469,unspecified
BraTS2021_00831,unspecified
BraTS2021_01319,unspecified
BraTS2021_01113,unspecified
BraTS2021_01321,unspecified
BraTS2021_00697,unspecified
BraTS2021_01577,unspecified
BraTS2021_00663,unspecified
BraTS2021_01583,unspecified
BraTS2021_00451,unspecified
BraTS2021_00035,unspecified
BraTS2021_00809,unspecified
BraTS2021_00207,unspecified
BraTS2021_01548,unspecified
BraTS2021_00238,unspecified
BraTS2021_00836,unspecified
BraTS2021_00493,unspecified
BraTS2021_01541,unspecified
BraTS2021_01125,unspecified
BraTS2021_01317,unspecified
BraTS2021_00003,unspecified
BraTS2021_00231,unspecified
BraTS2021_00655,unspecified
BraTS2021_01328,unspecified
BraTS2021_00800,unspecified
BraTS2021_00652,unspecified
BraTS2021_00236,unspecified
BraTS2021_00838,unspecified
BraTS2021_01310,unspecified
BraTS2021_01122,unspecified
BraTS2021_00494,unspecified
BraTS2021_01546,unspecified
BraTS2021_00807,unspecified
BraTS2021_00209,unspecified
BraTS2021_01579,unspecified
BraTS2021_00058,unspecified
BraTS2021_01525,unspecified
BraTS2021_01373,unspecified
BraTS2021_01141,unspecified
BraTS2021_01387,unspecified
BraTS2021_00403,unspecified
BraTS2021_00631,unspecified
BraTS2021_00299,unspecified
BraTS2021_01179,unspecified
BraTS2021_00636,unspecified
BraTS2021_00404,unspecified
BraTS2021_00060,unspecified
BraTS2021_01380,unspecified
BraTS2021_00094,unspecified
BraTS2021_01146,unspecified
BraTS2021_01374,unspecified
BraTS2021_01522,unspecified
BraTS2021_01389,unspecified
BraTS2021_01184,unspecified
BraTS2021_00056,unspecified
BraTS2021_00432,unspecified
BraTS2021_01514,unspecified
BraTS2021_01170,unspecified
BraTS2021_01342,unspecified
BraTS2021_00290,unspecified
BraTS2021_01148,unspecified
BraTS2021_00638,unspecified
BraTS2021_01345,unspecified
BraTS2021_00297,unspecified
BraTS2021_01177,unspecified
BraTS2021_01513,unspecified
BraTS2021_00607,unspecified
BraTS2021_00263,unspecified
BraTS2021_01183,unspecified
BraTS2021_00051,unspecified
BraTS2021_01123,unspecified
BraTS2021_01311,unspecified
BraTS2021_00495,unspecified
BraTS2021_01547,unspecified
BraTS2021_00839,unspecified
BraTS2021_00005,unspecified
BraTS2021_00237,unspecified
BraTS2021_01578,unspecified
BraTS2021_00698,unspecified
BraTS2021_00806,unspecified
BraTS2021_00230,unspecified
BraTS2021_00002,unspecified
BraTS2021_00466,unspecified
BraTS2021_00654,unspecified
BraTS2021_01540,unspecified
BraTS2021_01316,unspecified
BraTS2021_01124,unspecified
BraTS2021_00459,unspecified
BraTS2021_00801,unspecified
BraTS2021_01329,unspecified
BraTS2021_01582,unspecified
BraTS2021_00206,unspecified
BraTS2021_00808,unspecified
BraTS2021_01320,unspecified
BraTS2021_01112,unspecified
BraTS2021_01576,unspecified
BraTS2021_00837,unspecified
BraTS2021_00239,unspecified
BraTS2021_01549,unspecified
BraTS2021_00691,unspecified
BraTS2021_01571,unspecified
BraTS2021_01115,unspecified
BraTS2021_01327,unspecified
BraTS2021_00033,unspecified
BraTS2021_00201,unspecified
BraTS2021_01585,unspecified
BraTS2021_00457,unspecified
BraTS2021_01318,unspecified
BraTS2021_00468,unspecified
BraTS2021_00830,unspecified
BraTS2021_00728,unspecified
BraTS2021_01058,unspecified
BraTS2021_00525,unspecified
BraTS2021_01093,unspecified
BraTS2021_00373,unspecified
BraTS2021_01067,unspecified
BraTS2021_00387,unspecified
BraTS2021_01255,unspecified
BraTS2021_01631,unspecified
BraTS2021_01403,unspecified
BraTS2021_01609,unspecified
BraTS2021_01299,unspecified
BraTS2021_01404,unspecified
BraTS2021_01636,unspecified
BraTS2021_00380,unspecified
BraTS2021_01252,unspecified
BraTS2021_01060,unspecified
BraTS2021_00146,unspecified
BraTS2021_01094,unspecified
BraTS2021_01069,unspecified
BraTS2021_00389,unspecified
BraTS2021_01264,unspecified
BraTS2021_01056,unspecified
BraTS2021_00184,unspecified
BraTS2021_01432,unspecified
BraTS2021_01600,unspecified
BraTS2021_00514,unspecified
BraTS2021_01290,unspecified
BraTS2021_00170,unspecified
BraTS2021_00148,unspecified
BraTS2021_01638,unspecified
BraTS2021_00177,unspecified
BraTS2021_01297,unspecified
BraTS2021_00513,unspecified
BraTS2021_01607,unspecified
BraTS2021_01435,unspecified
BraTS2021_01051,unspecified
BraTS2021_00183,unspecified
BraTS2021_01263,unspecified
BraTS2021_00311,unspecified
BraTS2021_00123,unspecified
BraTS2021_00547,unspecified
BraTS2021_01495,unspecified
BraTS2021_00775,unspecified
BraTS2021_01461,unspecified
BraTS2021_00781,unspecified
BraTS2021_01653,unspecified
BraTS2021_01237,unspecified
BraTS2021_01005,unspecified
BraTS2021_00578,unspecified
BraTS2021_01208,unspecified
BraTS2021_01002,unspecified
BraTS2021_01230,unspecified
BraTS2021_01654,unspecified
BraTS2021_01466,unspecified
BraTS2021_00772,unspecified
BraTS2021_00540,unspecified
BraTS2021_01492,unspecified
BraTS2021_00124,unspecified
BraTS2021_00316,unspecified
BraTS2021_01459,unspecified
BraTS2021_00329,unspecified
BraTS2021_01662,unspecified
BraTS2021_01450,unspecified
BraTS2021_00582,unspecified
BraTS2021_01034,unspecified
BraTS2021_01206,unspecified
BraTS2021_00112,unspecified
BraTS2021_00320,unspecified
BraTS2021_00744,unspecified
BraTS2021_00576,unspecified
BraTS2021_01239,unspecified
BraTS2021_00549,unspecified
BraTS2021_00571,unspecified
BraTS2021_00327,unspecified
BraTS2021_00115,unspecified
BraTS2021_01201,unspecified
BraTS2021_01033,unspecified
BraTS2021_01457,unspecified
BraTS2021_01665,unspecified
BraTS2021_00318,unspecified
BraTS2021_00788,unspecified
BraTS2021_01468,unspecified
BraTS2021_01639,unspecified
BraTS2021_00149,unspecified
BraTS2021_01434,unspecified
BraTS2021_01606,unspecified
BraTS2021_01262,unspecified
BraTS2021_01050,unspecified
BraTS2021_01296,unspecified
BraTS2021_00344,unspecified
BraTS2021_00176,unspecified
BraTS2021_00512,unspecified
BraTS2021_00718,unspecified
BraTS2021_00388,unspecified
BraTS2021_01068,unspecified
BraTS2021_00727,unspecified
BraTS2021_00171,unspecified
BraTS2021_01291,unspecified
BraTS2021_00343,unspecified
BraTS2021_01057,unspecified
BraTS2021_00185,unspecified
BraTS2021_01265,unspecified
BraTS2021_01601,unspecified
BraTS2021_01433,unspecified
BraTS2021_01298,unspecified
BraTS2021_00178,unspecified
BraTS2021_01608,unspecified
BraTS2021_00147,unspecified
BraTS2021_01095,unspecified
BraTS2021_00375,unspecified
BraTS2021_00523,unspecified
BraTS2021_01637,unspecified
BraTS2021_01405,unspecified
BraTS2021_01061,unspecified
BraTS2021_01253,unspecified
BraTS2021_01059,unspecified
BraTS2021_00729,unspecified
BraTS2021_00386,unspecified
BraTS2021_01254,unspecified
BraTS2021_01066,unspecified
BraTS2021_01402,unspecified
BraTS2021_01630,unspecified
BraTS2021_00524,unspecified
BraTS2021_00716,unspecified
BraTS2021_00140,unspecified
BraTS2021_01092,unspecified
BraTS2021_01032,unspecified
BraTS2021_01200,unspecified
BraTS2021_01664,unspecified
BraTS2021_01456,unspecified
BraTS2021_00584,unspecified
BraTS2021_00742,unspecified
BraTS2021_00570,unspecified
BraTS2021_01469,unspecified
BraTS2021_00789,unspecified
BraTS2021_00321,unspecified
BraTS2021_00113,unspecified
BraTS2021_00577,unspecified
BraTS2021_01451,unspecified
BraTS2021_00583,unspecified
BraTS2021_01663,unspecified
BraTS2021_01207,unspecified
BraTS2021_01035,unspecified
BraTS2021_00548,unspecified
BraTS2021_01238,unspecified
BraTS2021_01493,unspecified
BraTS2021_00773,unspecified
BraTS2021_00317,unspecified
BraTS2021_01231,unspecified
BraTS2021_01003,unspecified
BraTS2021_01467,unspecified
BraTS2021_00787,unspecified
BraTS2021_01655,unspecified
BraTS2021_00328,unspecified
BraTS2021_01458,unspecified
BraTS2021_00780,unspecified
BraTS2021_01652,unspecified
BraTS2021_01460,unspecified
BraTS2021_01004,unspecified
BraTS2021_01236,unspecified
BraTS2021_00122,unspecified
BraTS2021_00310,unspecified
BraTS2021_00774,unspecified
BraTS2021_01494,unspecified
BraTS2021_01209,unspecified
BraTS2021_00579,unspecified
BraTS2021_01019,unspecified
BraTS2021_01489,unspecified
BraTS2021_01214,unspecified
BraTS2021_01026,unspecified
BraTS2021_01442,unspecified
BraTS2021_00590,unspecified
BraTS2021_00756,unspecified
BraTS2021_00332,unspecified
BraTS2021_00100,unspecified
BraTS2021_00138,unspecified
BraTS2021_01648,unspecified
BraTS2021_00107,unspecified
BraTS2021_00751,unspecified
BraTS2021_00563,unspecified
BraTS2021_01445,unspecified
BraTS2021_00597,unspecified
BraTS2021_01021,unspecified
BraTS2021_01213,unspecified
BraTS2021_00758,unspecified
BraTS2021_01028,unspecified
BraTS2021_00767,unspecified
BraTS2021_00555,unspecified
BraTS2021_01487,unspecified
BraTS2021_00131,unspecified
BraTS2021_00303,unspecified
BraTS2021_01017,unspecified
BraTS2021_01225,unspecified
BraTS2021_00793,unspecified
BraTS2021_01641,unspecified
BraTS2021_01473,unspecified
BraTS2021_00599,unspecified
BraTS2021_00109,unspecified
BraTS2021_01474,unspecified
BraTS2021_01646,unspecified
BraTS2021_01222,unspecified
BraTS2021_01010,unspecified
BraTS2021_00304,unspecified
BraTS2021_00136,unspecified
BraTS2021_00552,unspecified
BraTS2021_01480,unspecified
BraTS2021_00760,unspecified
BraTS2021_01612,unspecified
BraTS2021_01420,unspecified
BraTS2021_01044,unspecified
BraTS2021_00196,unspecified
BraTS2021_01276,unspecified
BraTS2021_00162,unspecified
BraTS2021_01282,unspecified
BraTS2021_00350,unspecified
BraTS2021_00734,unspecified
BraTS2021_00506,unspecified
BraTS2021_01249,unspecified
BraTS2021_00539,unspecified
BraTS2021_00501,unspecified
BraTS2021_00733,unspecified
BraTS2021_01285,unspecified
BraTS2021_00165,unspecified
BraTS2021_01271,unspecified
BraTS2021_01043,unspecified
BraTS2021_00191,unspecified
BraTS2021_01427,unspecified
BraTS2021_01615,unspecified
BraTS2021_01088,unspecified
BraTS2021_01418,unspecified
BraTS2021_01081,unspecified
BraTS2021_00537,unspecified
BraTS2021_00705,unspecified
BraTS2021_01411,unspecified
BraTS2021_01623,unspecified
BraTS2021_00395,unspecified
BraTS2021_01247,unspecified
BraTS2021_01075,unspecified
BraTS2021_01278,unspecified
BraTS2021_01072,unspecified
BraTS2021_00392,unspecified
BraTS2021_01240,unspecified
BraTS2021_01624,unspecified
BraTS2021_01416,unspecified
BraTS2021_00530,unspecified
BraTS2021_00154,unspecified
BraTS2021_01086,unspecified
BraTS2021_00366,unspecified
BraTS2021_01429,unspecified
BraTS2021_00359,unspecified
BraTS2021_00108,unspecified
BraTS2021_00598,unspecified
BraTS2021_00137,unspecified
BraTS2021_00305,unspecified
BraTS2021_01481,unspecified
BraTS2021_00795,unspecified
BraTS2021_01647,unspecified
BraTS2021_01475,unspecified
BraTS2021_01011,unspecified
BraTS2021_01223,unspecified
BraTS2021_01029,unspecified
BraTS2021_00759,unspecified
BraTS2021_01224,unspecified
BraTS2021_01016,unspecified
BraTS2021_01472,unspecified
BraTS2021_00792,unspecified
BraTS2021_01640,unspecified
BraTS2021_00554,unspecified
BraTS2021_01486,unspecified
BraTS2021_00130,unspecified
BraTS2021_01649,unspecified
BraTS2021_00139,unspecified
BraTS2021_01444,unspecified
BraTS2021_00596,unspecified
BraTS2021_01212,unspecified
BraTS2021_01020,unspecified
BraTS2021_00334,unspecified
BraTS2021_00106,unspecified
BraTS2021_00750,unspecified
BraTS2021_01488,unspecified
BraTS2021_00768,unspecified
BraTS2021_01018,unspecified
BraTS2021_00757,unspecified
BraTS2021_00565,unspecified
BraTS2021_00101,unspecified
BraTS2021_01027,unspecified
BraTS2021_01215,unspecified
BraTS2021_01443,unspecified
BraTS2021_00591,unspecified
BraTS2021_00703,unspecified
BraTS2021_00367,unspecified
BraTS2021_00155,unspecified
BraTS2021_01087,unspecified
BraTS2021_01241,unspecified
BraTS2021_01073,unspecified
BraTS2021_01417,unspecified
BraTS2021_01625,unspecified
BraTS2021_01428,unspecified
BraTS2021_01622,unspecified
BraTS2021_01410,unspecified
BraTS2021_01074,unspecified
BraTS2021_01246,unspecified
BraTS2021_00152,unspecified
BraTS2021_01080,unspecified
BraTS2021_00360,unspecified
BraTS2021_00704,unspecified
BraTS2021_01279,unspecified
BraTS2021_00199,unspecified
BraTS2021_01042,unspecified
BraTS2021_01270,unspecified
BraTS2021_01614,unspecified
BraTS2021_01426,unspecified
BraTS2021_00732,unspecified
BraTS2021_00500,unspecified
BraTS2021_01284,unspecified
BraTS2021_00356,unspecified
BraTS2021_01419,unspecified
BraTS2021_00369,unspecified
BraTS2021_01089,unspecified
BraTS2021_01283,unspecified
BraTS2021_00351,unspecified
BraTS2021_00507,unspecified
BraTS2021_00735,unspecified
BraTS2021_01421,unspecified
BraTS2021_01613,unspecified
BraTS2021_01277,unspecified
BraTS2021_01045,unspecified
BraTS2021_00538,unspecified
BraTS2021_01248,unspecified
BraTS2021_01108,unspecified
BraTS2021_01598,unspecified
BraTS2021_01305,unspecified
BraTS2021_01137,unspecified
BraTS2021_00481,unspecified
BraTS2021_01553,unspecified
BraTS2021_00011,unspecified
BraTS2021_00016,unspecified
BraTS2021_00640,unspecified
BraTS2021_00472,unspecified
BraTS2021_01554,unspecified
BraTS2021_01130,unspecified
BraTS2021_01302,unspecified
BraTS2021_00823,unspecified
BraTS2021_00649,unspecified
BraTS2021_01139,unspecified
BraTS2021_00676,unspecified
BraTS2021_01596,unspecified
BraTS2021_00444,unspecified
BraTS2021_00020,unspecified
BraTS2021_00212,unspecified
BraTS2021_01106,unspecified
BraTS2021_01334,unspecified
BraTS2021_00682,unspecified
BraTS2021_01562,unspecified
BraTS2021_00488,unspecified
BraTS2021_00824,unspecified
BraTS2021_00018,unspecified
BraTS2021_01565,unspecified
BraTS2021_00685,unspecified
BraTS2021_01333,unspecified
BraTS2021_01101,unspecified
BraTS2021_01591,unspecified
BraTS2021_00443,unspecified
BraTS2021_01531,unspecified
BraTS2021_00087,unspecified
BraTS2021_01155,unspecified
BraTS2021_01367,unspecified
BraTS2021_00241,unspecified
BraTS2021_01393,unspecified
BraTS2021_00625,unspecified
BraTS2021_00417,unspecified
BraTS2021_01358,unspecified
BraTS2021_00410,unspecified
BraTS2021_00622,unspecified
BraTS2021_00246,unspecified
BraTS2021_01394,unspecified
BraTS2021_00074,unspecified
BraTS2021_01360,unspecified
BraTS2021_01152,unspecified
BraTS2021_01536,unspecified
BraTS2021_01199,unspecified
BraTS2021_01509,unspecified
BraTS2021_00270,unspecified
BraTS2021_01190,unspecified
BraTS2021_00426,unspecified
BraTS2021_01500,unspecified
BraTS2021_01356,unspecified
BraTS2021_00284,unspecified
BraTS2021_01164,unspecified
BraTS2021_00419,unspecified
BraTS2021_00089,unspecified
BraTS2021_01369,unspecified
BraTS2021_01163,unspecified
BraTS2021_01351,unspecified
BraTS2021_00283,unspecified
BraTS2021_01507,unspecified
BraTS2021_00613,unspecified
BraTS2021_00421,unspecified
BraTS2021_01197,unspecified
BraTS2021_00045,unspecified
BraTS2021_01538,unspecified
BraTS2021_00019,unspecified
BraTS2021_00026,unspecified
BraTS2021_00214,unspecified
BraTS2021_01590,unspecified
BraTS2021_00442,unspecified
BraTS2021_00684,unspecified
BraTS2021_01564,unspecified
BraTS2021_01100,unspecified
BraTS2021_01332,unspecified
BraTS2021_01138,unspecified
BraTS2021_01335,unspecified
BraTS2021_01107,unspecified
BraTS2021_01563,unspecified
BraTS2021_00683,unspecified
BraTS2021_01597,unspecified
BraTS2021_00445,unspecified
BraTS2021_00677,unspecified
BraTS2021_00021,unspecified
BraTS2021_00028,unspecified
BraTS2021_00814,unspecified
BraTS2021_01555,unspecified
BraTS2021_01303,unspecified
BraTS2021_01131,unspecified
BraTS2021_00017,unspecified
BraTS2021_00641,unspecified
BraTS2021_01599,unspecified
BraTS2021_00679,unspecified
BraTS2021_01109,unspecified
BraTS2021_00646,unspecified
BraTS2021_00222,unspecified
BraTS2021_01136,unspecified
BraTS2021_01304,unspecified
BraTS2021_00480,unspecified
BraTS2021_01552,unspecified
BraTS2021_00612,unspecified
BraTS2021_01196,unspecified
BraTS2021_00044,unspecified
BraTS2021_01350,unspecified
BraTS2021_00282,unspecified
BraTS2021_01162,unspecified
BraTS2021_01506,unspecified
BraTS2021_00249,unspecified
BraTS2021_01539,unspecified
BraTS2021_01501,unspecified
BraTS2021_01165,unspecified
BraTS2021_01357,unspecified
BraTS2021_00285,unspecified
BraTS2021_01191,unspecified
BraTS2021_00043,unspecified
BraTS2021_00271,unspecified
BraTS2021_00615,unspecified
BraTS2021_01368,unspecified
BraTS2021_00088,unspecified
BraTS2021_00418,unspecified
BraTS2021_00840,unspecified
BraTS2021_00081,unspecified
BraTS2021_01153,unspecified
BraTS2021_01361,unspecified
BraTS2021_01537,unspecified
BraTS2021_00623,unspecified
BraTS2021_00247,unspecified
BraTS2021_01395,unspecified
BraTS2021_01508,unspecified
BraTS2021_01198,unspecified
BraTS2021_00240,unspecified
BraTS2021_01392,unspecified
BraTS2021_00072,unspecified
BraTS2021_00416,unspecified
BraTS2021_00624,unspecified
BraTS2021_01530,unspecified
BraTS2021_01366,unspecified
BraTS2021_01154,unspecified
BraTS2021_00429,unspecified
BraTS2021_01359,unspecified
BraTS2021_01322,unspecified
BraTS2021_01110,unspecified
BraTS2021_01574,unspecified
BraTS2021_00694,unspecified
BraTS2021_00452,unspecified
BraTS2021_01580,unspecified
BraTS2021_00204,unspecified
BraTS2021_00036,unspecified
BraTS2021_00499,unspecified
BraTS2021_00009,unspecified
BraTS2021_00031,unspecified
BraTS2021_00203,unspecified
BraTS2021_00667,unspecified
BraTS2021_00455,unspecified
BraTS2021_01587,unspecified
BraTS2021_00693,unspecified
BraTS2021_01573,unspecified
BraTS2021_01117,unspecified
BraTS2021_01325,unspecified
BraTS2021_00658,unspecified
BraTS2021_01128,unspecified
BraTS2021_00651,unspecified
BraTS2021_00235,unspecified
BraTS2021_01121,unspecified
BraTS2021_01313,unspecified
BraTS2021_01545,unspecified
BraTS2021_00804,unspecified
BraTS2021_01542,unspecified
BraTS2021_01314,unspecified
BraTS2021_01126,unspecified
BraTS2021_00000,unspecified
BraTS2021_00464,unspecified
BraTS2021_00656,unspecified
BraTS2021_01119,unspecified
BraTS2021_01589,unspecified
BraTS2021_00803,unspecified
BraTS2021_01529,unspecified
BraTS2021_00259,unspecified
BraTS2021_01516,unspecified
BraTS2021_01172,unspecified
BraTS2021_00292,unspecified
BraTS2021_01340,unspecified
BraTS2021_00054,unspecified
BraTS2021_01186,unspecified
BraTS2021_00266,unspecified
BraTS2021_00602,unspecified
BraTS2021_00430,unspecified
BraTS2021_00098,unspecified
BraTS2021_01378,unspecified
BraTS2021_00605,unspecified
BraTS2021_00261,unspecified
BraTS2021_00053,unspecified
BraTS2021_01181,unspecified
BraTS2021_01347,unspecified
BraTS2021_01175,unspecified
BraTS2021_01511,unspecified
BraTS2021_01188,unspecified
BraTS2021_01518,unspecified
BraTS2021_01385,unspecified
BraTS2021_00401,unspecified
BraTS2021_01527,unspecified
BraTS2021_01371,unspecified
BraTS2021_01143,unspecified
BraTS2021_01349,unspecified
BraTS2021_01144,unspecified
BraTS2021_00096,unspecified
BraTS2021_01376,unspecified
BraTS2021_01520,unspecified
BraTS2021_00406,unspecified
BraTS2021_00062,unspecified
BraTS2021_01382,unspecified
BraTS2021_00250,unspecified
BraTS2021_00233,unspecified
BraTS2021_00657,unspecified
BraTS2021_01543,unspecified
BraTS2021_00491,unspecified
BraTS2021_01127,unspecified
BraTS2021_01315,unspecified
BraTS2021_01588,unspecified
BraTS2021_00668,unspecified
BraTS2021_00802,unspecified
BraTS2021_01118,unspecified
BraTS2021_01312,unspecified
BraTS2021_01120,unspecified
BraTS2021_01544,unspecified
BraTS2021_00496,unspecified
BraTS2021_00650,unspecified
BraTS2021_00234,unspecified
BraTS2021_00006,unspecified
BraTS2021_00805,unspecified
BraTS2021_01572,unspecified
BraTS2021_00692,unspecified
BraTS2021_01324,unspecified
BraTS2021_01116,unspecified
BraTS2021_00030,unspecified
BraTS2021_00454,unspecified
BraTS2021_01586,unspecified
BraTS2021_01129,unspecified
BraTS2021_00659,unspecified
BraTS2021_00661,unspecified
BraTS2021_00453,unspecified
BraTS2021_01581,unspecified
BraTS2021_01111,unspecified
BraTS2021_01323,unspecified
BraTS2021_01575,unspecified
BraTS2021_00834,unspecified
BraTS2021_00008,unspecified
BraTS2021_00498,unspecified
BraTS2021_01348,unspecified
BraTS2021_00407,unspecified
BraTS2021_01383,unspecified
BraTS2021_00251,unspecified
BraTS2021_00063,unspecified
BraTS2021_01377,unspecified
BraTS2021_01145,unspecified
BraTS2021_00097,unspecified
BraTS2021_01521,unspecified
BraTS2021_01519,unspecified
BraTS2021_00269,unspecified
BraTS2021_01189,unspecified
BraTS2021_01526,unspecified
BraTS2021_01142,unspecified
BraTS2021_00090,unspecified
BraTS2021_01370,unspecified
BraTS2021_00064,unspecified
BraTS2021_01384,unspecified
BraTS2021_00400,unspecified
BraTS2021_01379,unspecified
BraTS2021_00099,unspecified
BraTS2021_00409,unspecified
BraTS2021_01174,unspecified
BraTS2021_00294,unspecified
BraTS2021_01346,unspecified
BraTS2021_01510,unspecified
BraTS2021_00604,unspecified
BraTS2021_00436,unspecified
BraTS2021_00052,unspecified
BraTS2021_01180,unspecified
BraTS2021_00260,unspecified
BraTS2021_00258,unspecified
BraTS2021_01528,unspecified
BraTS2021_00267,unspecified
BraTS2021_01187,unspecified
BraTS2021_00431,unspecified
BraTS2021_01517,unspecified
BraTS2021_00293,unspecified
BraTS2021_01341,unspecified
BraTS2021_01173,unspecified
BraTS2021_01233,unspecified
BraTS2021_01001,unspecified
BraTS2021_01465,unspecified
BraTS2021_01657,unspecified
BraTS2021_01491,unspecified
BraTS2021_00543,unspecified
BraTS2021_00127,unspecified
BraTS2021_00588,unspecified
BraTS2021_00118,unspecified
BraTS2021_00120,unspecified
BraTS2021_00312,unspecified
BraTS2021_01496,unspecified
BraTS2021_00544,unspecified
BraTS2021_01650,unspecified
BraTS2021_00782,unspecified
BraTS2021_01462,unspecified
BraTS2021_01234,unspecified
BraTS2021_01039,unspecified
BraTS2021_00740,unspecified
BraTS2021_00572,unspecified
BraTS2021_00116,unspecified
BraTS2021_00324,unspecified
BraTS2021_01030,unspecified
BraTS2021_01202,unspecified
BraTS2021_01666,unspecified
BraTS2021_00586,unspecified
BraTS2021_01454,unspecified
BraTS2021_01659,unspecified
BraTS2021_00581,unspecified
BraTS2021_01453,unspecified
BraTS2021_01661,unspecified
BraTS2021_01205,unspecified
BraTS2021_01037,unspecified
BraTS2021_00111,unspecified
BraTS2021_00575,unspecified
BraTS2021_00747,unspecified
BraTS2021_01008,unspecified
BraTS2021_00778,unspecified
BraTS2021_01498,unspecified
BraTS2021_01438,unspecified
BraTS2021_00348,unspecified
BraTS2021_01635,unspecified
BraTS2021_01407,unspecified
BraTS2021_01063,unspecified
BraTS2021_01251,unspecified
BraTS2021_00383,unspecified
BraTS2021_01097,unspecified
BraTS2021_00377,unspecified
BraTS2021_00519,unspecified
BraTS2021_01269,unspecified
BraTS2021_00526,unspecified
BraTS2021_00714,unspecified
BraTS2021_00370,unspecified
BraTS2021_01090,unspecified
BraTS2021_00142,unspecified
BraTS2021_01256,unspecified
BraTS2021_01064,unspecified
BraTS2021_01400,unspecified
BraTS2021_01632,unspecified
BraTS2021_01099,unspecified
BraTS2021_00379,unspecified
BraTS2021_01409,unspecified
BraTS2021_00346,unspecified
BraTS2021_01294,unspecified
BraTS2021_00510,unspecified
BraTS2021_01436,unspecified
BraTS2021_01604,unspecified
BraTS2021_01260,unspecified
BraTS2021_01052,unspecified
BraTS2021_01258,unspecified
BraTS2021_00528,unspecified
BraTS2021_00187,unspecified
BraTS2021_01055,unspecified
BraTS2021_01267,unspecified
BraTS2021_01603,unspecified
BraTS2021_01431,unspecified
BraTS2021_00725,unspecified
BraTS2021_00517,unspecified
BraTS2021_00341,unspecified
BraTS2021_01293,unspecified
BraTS2021_00110,unspecified
BraTS2021_00322,unspecified
BraTS2021_00746,unspecified
BraTS2021_00574,unspecified
BraTS2021_01660,unspecified
BraTS2021_00580,unspecified
BraTS2021_01452,unspecified
BraTS2021_01036,unspecified
BraTS2021_01204,unspecified
BraTS2021_01499,unspecified
BraTS2021_01009,unspecified
BraTS2021_01203,unspecified
BraTS2021_01031,unspecified
BraTS2021_00587,unspecified
BraTS2021_01455,unspecified
BraTS2021_00325,unspecified
BraTS2021_00117,unspecified
BraTS2021_01658,unspecified
BraTS2021_00128,unspecified
BraTS2021_01463,unspecified
BraTS2021_01651,unspecified
BraTS2021_01235,unspecified
BraTS2021_01007,unspecified
BraTS2021_00313,unspecified
BraTS2021_00121,unspecified
BraTS2021_01497,unspecified
BraTS2021_00545,unspecified
BraTS2021_00777,unspecified
BraTS2021_01038,unspecified
BraTS2021_01490,unspecified
BraTS2021_00542,unspecified
BraTS2021_00126,unspecified
BraTS2021_00314,unspecified
BraTS2021_01000,unspecified
BraTS2021_01232,unspecified
BraTS2021_01656,unspecified
BraTS2021_00784,unspecified
BraTS2021_01464,unspecified
BraTS2021_00589,unspecified
BraTS2021_00529,unspecified
BraTS2021_01259,unspecified
BraTS2021_00516,unspecified
BraTS2021_00724,unspecified
BraTS2021_00340,unspecified
BraTS2021_01292,unspecified
BraTS2021_00172,unspecified
BraTS2021_01266,unspecified
BraTS2021_00186,unspecified
BraTS2021_01054,unspecified
BraTS2021_01430,unspecified
BraTS2021_01602,unspecified
BraTS2021_01408,unspecified
BraTS2021_00378,unspecified
BraTS2021_01098,unspecified
BraTS2021_01605,unspecified
BraTS2021_01437,unspecified
BraTS2021_01053,unspecified
BraTS2021_01261,unspecified
BraTS2021_00347,unspecified
BraTS2021_01295,unspecified
BraTS2021_00723,unspecified
BraTS2021_00511,unspecified
BraTS2021_01268,unspecified
BraTS2021_00188,unspecified
BraTS2021_00518,unspecified
BraTS2021_01065,unspecified
BraTS2021_01257,unspecified
BraTS2021_01633,unspecified
BraTS2021_01401,unspecified
BraTS2021_00715,unspecified
BraTS2021_01091,unspecified
BraTS2021_00143,unspecified
BraTS2021_00371,unspecified
BraTS2021_00349,unspecified
BraTS2021_01439,unspecified
BraTS2021_00376,unspecified
BraTS2021_01096,unspecified
BraTS2021_00144,unspecified
BraTS2021_00520,unspecified
BraTS2021_01406,unspecified
BraTS2021_01634,unspecified
BraTS2021_01250,unspecified
BraTS2021_00382,unspecified
BraTS2021_01062,unspecified
BraTS2021_00730,unspecified
BraTS2021_00502,unspecified
BraTS2021_00166,unspecified
BraTS2021_01286,unspecified
BraTS2021_00192,unspecified
BraTS2021_01040,unspecified
BraTS2021_01272,unspecified
BraTS2021_01616,unspecified
BraTS2021_01424,unspecified
BraTS2021_00159,unspecified
BraTS2021_01629,unspecified
BraTS2021_01423,unspecified
BraTS2021_01611,unspecified
BraTS2021_01275,unspecified
BraTS2021_00195,unspecified
BraTS2021_01047,unspecified
BraTS2021_00353,unspecified
BraTS2021_01281,unspecified
BraTS2021_00505,unspecified
BraTS2021_00737,unspecified
BraTS2021_01078,unspecified
BraTS2021_00708,unspecified
BraTS2021_01243,unspecified
BraTS2021_00391,unspecified
BraTS2021_01071,unspecified
BraTS2021_01415,unspecified
BraTS2021_01627,unspecified
BraTS2021_00533,unspecified
BraTS2021_01085,unspecified
BraTS2021_00157,unspecified
BraTS2021_01618,unspecified
BraTS2021_01288,unspecified
BraTS2021_01082,unspecified
BraTS2021_00150,unspecified
BraTS2021_00706,unspecified
BraTS2021_01620,unspecified
BraTS2021_01412,unspecified
BraTS2021_01076,unspecified
BraTS2021_01244,unspecified
BraTS2021_00739,unspecified
BraTS2021_01049,unspecified
BraTS2021_00309,unspecified
BraTS2021_00799,unspecified
BraTS2021_01479,unspecified
BraTS2021_00336,unspecified
BraTS2021_00104,unspecified
BraTS2021_00594,unspecified
BraTS2021_01446,unspecified
BraTS2021_01210,unspecified
BraTS2021_01022,unspecified
BraTS2021_01228,unspecified
BraTS2021_00558,unspecified
BraTS2021_01025,unspecified
BraTS2021_01217,unspecified
BraTS2021_00593,unspecified
BraTS2021_01441,unspecified
BraTS2021_00567,unspecified
BraTS2021_00103,unspecified
BraTS2021_00331,unspecified
BraTS2021_01448,unspecified
BraTS2021_00338,unspecified
BraTS2021_01645,unspecified
BraTS2021_00797,unspecified
BraTS2021_01477,unspecified
BraTS2021_01013,unspecified
BraTS2021_01221,unspecified
BraTS2021_01483,unspecified
BraTS2021_00551,unspecified
BraTS2021_00569,unspecified
BraTS2021_01219,unspecified
BraTS2021_01484,unspecified
BraTS2021_00556,unspecified
BraTS2021_00764,unspecified
BraTS2021_00300,unspecified
BraTS2021_00132,unspecified
BraTS2021_01226,unspecified
BraTS2021_01014,unspecified
BraTS2021_01470,unspecified
BraTS2021_01642,unspecified
BraTS2021_01413,unspecified
BraTS2021_01621,unspecified
BraTS2021_01245,unspecified
BraTS2021_00397,unspecified
BraTS2021_01077,unspecified
BraTS2021_00999,unspecified
BraTS2021_01083,unspecified
BraTS2021_00151,unspecified
BraTS2021_00707,unspecified
BraTS2021_01048,unspecified
BraTS2021_00532,unspecified
BraTS2021_01084,unspecified
BraTS2021_00156,unspecified
BraTS2021_00364,unspecified
BraTS2021_01070,unspecified
BraTS2021_01242,unspecified
BraTS2021_00390,unspecified
BraTS2021_01626,unspecified
BraTS2021_01414,unspecified
BraTS2021_01289,unspecified
BraTS2021_01619,unspecified
BraTS2021_00160,unspecified
BraTS2021_00352,unspecified
BraTS2021_01280,unspecified
BraTS2021_00736,unspecified
BraTS2021_00504,unspecified
BraTS2021_01610,unspecified
BraTS2021_01422,unspecified
BraTS2021_00194,unspecified
BraTS2021_01046,unspecified
BraTS2021_01274,unspecified
BraTS2021_00709,unspecified
BraTS2021_00399,unspecified
BraTS2021_01079,unspecified
BraTS2021_01273,unspecified
BraTS2021_00193,unspecified
BraTS2021_01041,unspecified
BraTS2021_01425,unspecified
BraTS2021_01617,unspecified
BraTS2021_00731,unspecified
BraTS2021_01287,unspecified
BraTS2021_00167,unspecified
BraTS2021_01628,unspecified
BraTS2021_00158,unspecified
BraTS2021_01218,unspecified
BraTS2021_00568,unspecified
BraTS2021_01015,unspecified
BraTS2021_01227,unspecified
BraTS2021_01643,unspecified
BraTS2021_00791,unspecified
BraTS2021_01471,unspecified
BraTS2021_00765,unspecified
BraTS2021_01485,unspecified
BraTS2021_00557,unspecified
BraTS2021_00133,unspecified
BraTS2021_00301,unspecified
BraTS2021_00339,unspecified
BraTS2021_01449,unspecified
BraTS2021_00306,unspecified
BraTS2021_00134,unspecified
BraTS2021_01482,unspecified
BraTS2021_00550,unspecified
BraTS2021_01476,unspecified
BraTS2021_01644,unspecified
BraTS2021_00796,unspecified
BraTS2021_01220,unspecified
BraTS2021_01012,unspecified
BraTS2021_00559,unspecified
BraTS2021_01229,unspecified
BraTS2021_00102,unspecified
BraTS2021_01216,unspecified
BraTS2021_01024,unspecified
BraTS2021_01440,unspecified
BraTS2021_01478,unspecified
BraTS2021_01447,unspecified
BraTS2021_01023,unspecified
BraTS2021_01211,unspecified
BraTS2021_00105,unspecified
BraTS2021_00753,unspecified
BraTS2021_00561,unspecified
BraTS2021_00621,unspecified
BraTS2021_00413,unspecified
BraTS2021_00077,unspecified
BraTS2021_01397,unspecified
BraTS2021_01151,unspecified
BraTS2021_01363,unspecified
BraTS2021_01535,unspecified
BraTS2021_00048,unspecified
BraTS2021_01532,unspecified
BraTS2021_01364,unspecified
BraTS2021_01156,unspecified
BraTS2021_00084,unspecified
BraTS2021_01390,unspecified
BraTS2021_00242,unspecified
BraTS2021_00070,unspecified
BraTS2021_00414,unspecified
BraTS2021_00626,unspecified
BraTS2021_01169,unspecified
BraTS2021_00289,unspecified
BraTS2021_00619,unspecified
BraTS2021_00280,unspecified
BraTS2021_01352,unspecified
BraTS2021_01160,unspecified
BraTS2021_01504,unspecified
BraTS2021_00610,unspecified
BraTS2021_00274,unspecified
BraTS2021_00046,unspecified
BraTS2021_01194,unspecified
BraTS2021_01399,unspecified
BraTS2021_01193,unspecified
BraTS2021_00273,unspecified
BraTS2021_00425,unspecified
BraTS2021_01503,unspecified
BraTS2021_01167,unspecified
BraTS2021_01355,unspecified
BraTS2021_00628,unspecified
BraTS2021_01158,unspecified
BraTS2021_00816,unspecified
BraTS2021_00218,unspecified
BraTS2021_00688,unspecified
BraTS2021_01568,unspecified
BraTS2021_00227,unspecified
BraTS2021_01557,unspecified
BraTS2021_00485,unspecified
BraTS2021_01301,unspecified
BraTS2021_01133,unspecified
BraTS2021_01339,unspecified
BraTS2021_00811,unspecified
BraTS2021_00449,unspecified
BraTS2021_01134,unspecified
BraTS2021_01306,unspecified
BraTS2021_01550,unspecified
BraTS2021_00012,unspecified
BraTS2021_00220,unspecified
BraTS2021_01559,unspecified
BraTS2021_00686,unspecified
BraTS2021_01566,unspecified
BraTS2021_01102,unspecified
BraTS2021_01330,unspecified
BraTS2021_00818,unspecified
BraTS2021_00024,unspecified
BraTS2021_00216,unspecified
BraTS2021_00440,unspecified
BraTS2021_01592,unspecified
BraTS2021_00820,unspecified
BraTS2021_00478,unspecified
BraTS2021_01308,unspecified
BraTS2021_01595,unspecified
BraTS2021_00675,unspecified
BraTS2021_00211,unspecified
BraTS2021_01337,unspecified
BraTS2021_01105,unspecified
BraTS2021_01561,unspecified
BraTS2021_01502,unspecified
BraTS2021_00286,unspecified
BraTS2021_01354,unspecified
BraTS2021_01166,unspecified
BraTS2021_01192,unspecified
BraTS2021_00616,unspecified
BraTS2021_01159,unspecified
BraTS2021_00611,unspecified
BraTS2021_00423,unspecified
BraTS2021_01195,unspecified
BraTS2021_00275,unspecified
BraTS2021_01161,unspecified
BraTS2021_00281,unspecified
BraTS2021_01353,unspecified
BraTS2021_01505,unspecified
BraTS2021_01398,unspecified
BraTS2021_00078,unspecified
BraTS2021_00071,unspecified
BraTS2021_01391,unspecified
BraTS2021_00243,unspecified
BraTS2021_01533,unspecified
BraTS2021_01157,unspecified
BraTS2021_00085,unspecified
BraTS2021_01365,unspecified
BraTS2021_00618,unspecified
BraTS2021_00288,unspecified
BraTS2021_01168,unspecified
BraTS2021_01362,unspecified
BraTS2021_01150,unspecified
BraTS2021_01534,unspecified
BraTS2021_00412,unspecified
BraTS2021_00620,unspecified
BraTS2021_01396,unspecified
BraTS2021_00049,unspecified
BraTS2021_01309,unspecified
BraTS2021_00479,unspecified
BraTS2021_01104,unspecified
BraTS2021_01336,unspecified
BraTS2021_00680,unspecified
BraTS2021_01560,unspecified
BraTS2021_00674,unspecified
BraTS2021_00446,unspecified
BraTS2021_01594,unspecified
BraTS2021_00022,unspecified
BraTS2021_00210,unspecified
BraTS2021_00228,unspecified
BraTS2021_01558,unspecified
BraTS2021_00217,unspecified
BraTS2021_00025,unspecified
BraTS2021_00819,unspecified
BraTS2021_00441,unspecified
BraTS2021_01593,unspecified
BraTS2021_01567,unspecified
BraTS2021_00687,unspecified
BraTS2021_01331,unspecified
BraTS2021_01103,unspecified
BraTS2021_00810,unspecified
BraTS2021_00448,unspecified
BraTS2021_01338,unspecified
BraTS2021_00477,unspecified
BraTS2021_00645,unspecified
BraTS2021_00221,unspecified
BraTS2021_01307,unspecified
BraTS2021_01135,unspecified
BraTS2021_01551,unspecified
BraTS2021_00483,unspecified
BraTS2021_01569,unspecified
BraTS2021_00689,unspecified
BraTS2021_00219,unspecified
BraTS2021_01556,unspecified
BraTS2021_01132,unspecified
BraTS2021_01300,unspecified
BraTS2021_00014,unspecified
BraTS2021_00828,unspecified
BraTS2021_00642,unspecified
BraTS2021_00470,unspecified
